<?xml version="1.0" encoding="UTF-8"?>
<!DOCTYPE plist PUBLIC "-//Apple Computer//DTD PLIST 1.0//EN" "http://www.apple.com/DTDs/PropertyList-1.0.dtd">
<plist version="1.0"><dict>
    <key>Application Version</key><string>6G60</string>
    <key>0</key><dict>
        <key>Filename</key><string>/Users/Cameron/School Stuff/Fall '13/CSC 378/Project 1 - Interactive Fiction/Vo-Gone/Vo-Gone 3.inform/Source/story.ni</string>
        <key>Line</key><integer>1</integer>
        <key>Title</key><string>"Vo-Gone 3" by ben</string>
        <key>Level</key><integer>0</integer>
        <key>Indentation</key><integer>0</integer>
    </dict>
    <key>1</key><dict>
        <key>Filename</key><string>/Applications/Inform.app/Contents/Resources/Inform7/Extensions/graham nelson/standard rules.i7x</string>
        <key>Line</key><integer>1</integer>
        <key>Title</key><string>Version 2/090402 of the Standard Rules by Graham Nelson begins here</string>
        <key>Level</key><integer>0</integer>
        <key>Indentation</key><integer>0</integer>
    </dict>
    <key>2</key><dict>
        <key>Filename</key><string>/Applications/Inform.app/Contents/Resources/Inform7/Extensions/graham nelson/standard rules.i7x</string>
        <key>Line</key><integer>326</integer>
        <key>Title</key><string>Part SR1 - The Physical World Model</string>
        <key>Level</key><integer>3</integer>
        <key>Indentation</key><integer>1</integer>
    </dict>
    <key>3</key><dict>
        <key>Filename</key><string>/Applications/Inform.app/Contents/Resources/Inform7/Extensions/graham nelson/standard rules.i7x</string>
        <key>Line</key><integer>328</integer>
        <key>Title</key><string>Section SR1/0 - Language</string>
        <key>Level</key><integer>5</integer>
        <key>Indentation</key><integer>2</integer>
    </dict>
    <key>4</key><dict>
        <key>Filename</key><string>/Applications/Inform.app/Contents/Resources/Inform7/Extensions/graham nelson/standard rules.i7x</string>
        <key>Line</key><integer>391</integer>
        <key>Title</key><string>Section SR1/1 - Primitive Kinds</string>
        <key>Level</key><integer>5</integer>
        <key>Indentation</key><integer>2</integer>
    </dict>
    <key>5</key><dict>
        <key>Filename</key><string>/Applications/Inform.app/Contents/Resources/Inform7/Extensions/graham nelson/standard rules.i7x</string>
        <key>Line</key><integer>414</integer>
        <key>Title</key><string>Section SR1/2 - Rooms</string>
        <key>Level</key><integer>5</integer>
        <key>Indentation</key><integer>2</integer>
    </dict>
    <key>6</key><dict>
        <key>Filename</key><string>/Applications/Inform.app/Contents/Resources/Inform7/Extensions/graham nelson/standard rules.i7x</string>
        <key>Line</key><integer>444</integer>
        <key>Title</key><string>Section SR1/3 - Things</string>
        <key>Level</key><integer>5</integer>
        <key>Indentation</key><integer>2</integer>
    </dict>
    <key>7</key><dict>
        <key>Filename</key><string>/Applications/Inform.app/Contents/Resources/Inform7/Extensions/graham nelson/standard rules.i7x</string>
        <key>Line</key><integer>471</integer>
        <key>Title</key><string>Section SR1/4 - Directions</string>
        <key>Level</key><integer>5</integer>
        <key>Indentation</key><integer>2</integer>
    </dict>
    <key>8</key><dict>
        <key>Filename</key><string>/Applications/Inform.app/Contents/Resources/Inform7/Extensions/graham nelson/standard rules.i7x</string>
        <key>Line</key><integer>522</integer>
        <key>Title</key><string>Section SR1/5 - Doors</string>
        <key>Level</key><integer>5</integer>
        <key>Indentation</key><integer>2</integer>
    </dict>
    <key>9</key><dict>
        <key>Filename</key><string>/Applications/Inform.app/Contents/Resources/Inform7/Extensions/graham nelson/standard rules.i7x</string>
        <key>Line</key><integer>540</integer>
        <key>Title</key><string>Section SR1/6 - Containers</string>
        <key>Level</key><integer>5</integer>
        <key>Indentation</key><integer>2</integer>
    </dict>
    <key>10</key><dict>
        <key>Filename</key><string>/Applications/Inform.app/Contents/Resources/Inform7/Extensions/graham nelson/standard rules.i7x</string>
        <key>Line</key><integer>554</integer>
        <key>Title</key><string>Section SR1/7 - Supporters</string>
        <key>Level</key><integer>5</integer>
        <key>Indentation</key><integer>2</integer>
    </dict>
    <key>11</key><dict>
        <key>Filename</key><string>/Applications/Inform.app/Contents/Resources/Inform7/Extensions/graham nelson/standard rules.i7x</string>
        <key>Line</key><integer>569</integer>
        <key>Title</key><string>Section SR1/8 - Openability</string>
        <key>Level</key><integer>5</integer>
        <key>Indentation</key><integer>2</integer>
    </dict>
    <key>12</key><dict>
        <key>Filename</key><string>/Applications/Inform.app/Contents/Resources/Inform7/Extensions/graham nelson/standard rules.i7x</string>
        <key>Line</key><integer>577</integer>
        <key>Title</key><string>Section SR1/9 - Lockability</string>
        <key>Level</key><integer>5</integer>
        <key>Indentation</key><integer>2</integer>
    </dict>
    <key>13</key><dict>
        <key>Filename</key><string>/Applications/Inform.app/Contents/Resources/Inform7/Extensions/graham nelson/standard rules.i7x</string>
        <key>Line</key><integer>597</integer>
        <key>Title</key><string>Section SR1/10 - Backdrops</string>
        <key>Level</key><integer>5</integer>
        <key>Indentation</key><integer>2</integer>
    </dict>
    <key>14</key><dict>
        <key>Filename</key><string>/Applications/Inform.app/Contents/Resources/Inform7/Extensions/graham nelson/standard rules.i7x</string>
        <key>Line</key><integer>607</integer>
        <key>Title</key><string>Section SR1/11 - People</string>
        <key>Level</key><integer>5</integer>
        <key>Indentation</key><integer>2</integer>
    </dict>
    <key>15</key><dict>
        <key>Filename</key><string>/Applications/Inform.app/Contents/Resources/Inform7/Extensions/graham nelson/standard rules.i7x</string>
        <key>Line</key><integer>633</integer>
        <key>Title</key><string>Section SR1/12 - Animals, men and women</string>
        <key>Level</key><integer>5</integer>
        <key>Indentation</key><integer>2</integer>
    </dict>
    <key>16</key><dict>
        <key>Filename</key><string>/Applications/Inform.app/Contents/Resources/Inform7/Extensions/graham nelson/standard rules.i7x</string>
        <key>Line</key><integer>651</integer>
        <key>Title</key><string>Section SR1/13 - Devices</string>
        <key>Level</key><integer>5</integer>
        <key>Indentation</key><integer>2</integer>
    </dict>
    <key>17</key><dict>
        <key>Filename</key><string>/Applications/Inform.app/Contents/Resources/Inform7/Extensions/graham nelson/standard rules.i7x</string>
        <key>Line</key><integer>661</integer>
        <key>Title</key><string>Section SR1/14 - Vehicles</string>
        <key>Level</key><integer>5</integer>
        <key>Indentation</key><integer>2</integer>
    </dict>
    <key>18</key><dict>
        <key>Filename</key><string>/Applications/Inform.app/Contents/Resources/Inform7/Extensions/graham nelson/standard rules.i7x</string>
        <key>Line</key><integer>674</integer>
        <key>Title</key><string>Section SR1/15 - Player's holdall</string>
        <key>Level</key><integer>5</integer>
        <key>Indentation</key><integer>2</integer>
    </dict>
    <key>19</key><dict>
        <key>Filename</key><string>/Applications/Inform.app/Contents/Resources/Inform7/Extensions/graham nelson/standard rules.i7x</string>
        <key>Line</key><integer>689</integer>
        <key>Title</key><string>Section SR1/16 - Inform 6 equivalents</string>
        <key>Level</key><integer>5</integer>
        <key>Indentation</key><integer>2</integer>
    </dict>
    <key>20</key><dict>
        <key>Filename</key><string>/Applications/Inform.app/Contents/Resources/Inform7/Extensions/graham nelson/standard rules.i7x</string>
        <key>Line</key><integer>725</integer>
        <key>Title</key><string>Part SR2 - Variables and Rulebooks</string>
        <key>Level</key><integer>3</integer>
        <key>Indentation</key><integer>1</integer>
    </dict>
    <key>21</key><dict>
        <key>Filename</key><string>/Applications/Inform.app/Contents/Resources/Inform7/Extensions/graham nelson/standard rules.i7x</string>
        <key>Line</key><integer>727</integer>
        <key>Title</key><string>Section SR2/1 - Situation</string>
        <key>Level</key><integer>5</integer>
        <key>Indentation</key><integer>2</integer>
    </dict>
    <key>22</key><dict>
        <key>Filename</key><string>/Applications/Inform.app/Contents/Resources/Inform7/Extensions/graham nelson/standard rules.i7x</string>
        <key>Line</key><integer>747</integer>
        <key>Title</key><string>Section SR2/2 - Current action</string>
        <key>Level</key><integer>5</integer>
        <key>Indentation</key><integer>2</integer>
    </dict>
    <key>23</key><dict>
        <key>Filename</key><string>/Applications/Inform.app/Contents/Resources/Inform7/Extensions/graham nelson/standard rules.i7x</string>
        <key>Line</key><integer>762</integer>
        <key>Title</key><string>Section SR2/3 - Used when ruling on accessibility</string>
        <key>Level</key><integer>5</integer>
        <key>Indentation</key><integer>2</integer>
    </dict>
    <key>24</key><dict>
        <key>Filename</key><string>/Applications/Inform.app/Contents/Resources/Inform7/Extensions/graham nelson/standard rules.i7x</string>
        <key>Line</key><integer>774</integer>
        <key>Title</key><string>Section SR2/4 - Used when understanding typed commands</string>
        <key>Level</key><integer>5</integer>
        <key>Indentation</key><integer>2</integer>
    </dict>
    <key>25</key><dict>
        <key>Filename</key><string>/Applications/Inform.app/Contents/Resources/Inform7/Extensions/graham nelson/standard rules.i7x</string>
        <key>Line</key><integer>790</integer>
        <key>Title</key><string>Section SR2/5 - Presentation on screen</string>
        <key>Level</key><integer>5</integer>
        <key>Indentation</key><integer>2</integer>
    </dict>
    <key>26</key><dict>
        <key>Filename</key><string>/Applications/Inform.app/Contents/Resources/Inform7/Extensions/graham nelson/standard rules.i7x</string>
        <key>Line</key><integer>804</integer>
        <key>Title</key><string>Section SR2/6a - Unindexed Standard Rules variables - Unindexed</string>
        <key>Level</key><integer>5</integer>
        <key>Indentation</key><integer>2</integer>
    </dict>
    <key>27</key><dict>
        <key>Filename</key><string>/Applications/Inform.app/Contents/Resources/Inform7/Extensions/graham nelson/standard rules.i7x</string>
        <key>Line</key><integer>812</integer>
        <key>Title</key><string>Section SR2/6b - Unindexed Standard Rules variables - Unindexed (for figures language element only)</string>
        <key>Level</key><integer>5</integer>
        <key>Indentation</key><integer>2</integer>
    </dict>
    <key>28</key><dict>
        <key>Filename</key><string>/Applications/Inform.app/Contents/Resources/Inform7/Extensions/graham nelson/standard rules.i7x</string>
        <key>Line</key><integer>816</integer>
        <key>Title</key><string>Section SR2/6c - Unindexed Standard Rules variables - Unindexed</string>
        <key>Level</key><integer>5</integer>
        <key>Indentation</key><integer>2</integer>
    </dict>
    <key>29</key><dict>
        <key>Filename</key><string>/Applications/Inform.app/Contents/Resources/Inform7/Extensions/graham nelson/standard rules.i7x</string>
        <key>Line</key><integer>839</integer>
        <key>Title</key><string>Section SR2/7 - The Standard Rulebooks</string>
        <key>Level</key><integer>5</integer>
        <key>Indentation</key><integer>2</integer>
    </dict>
    <key>30</key><dict>
        <key>Filename</key><string>/Applications/Inform.app/Contents/Resources/Inform7/Extensions/graham nelson/standard rules.i7x</string>
        <key>Line</key><integer>907</integer>
        <key>Title</key><string>Section SR2/8 - The Standard Rules</string>
        <key>Level</key><integer>5</integer>
        <key>Indentation</key><integer>2</integer>
    </dict>
    <key>31</key><dict>
        <key>Filename</key><string>/Applications/Inform.app/Contents/Resources/Inform7/Extensions/graham nelson/standard rules.i7x</string>
        <key>Line</key><integer>985</integer>
        <key>Title</key><string>Section SR2/9 - The Entire Game scene</string>
        <key>Level</key><integer>5</integer>
        <key>Indentation</key><integer>2</integer>
    </dict>
    <key>32</key><dict>
        <key>Filename</key><string>/Applications/Inform.app/Contents/Resources/Inform7/Extensions/graham nelson/standard rules.i7x</string>
        <key>Line</key><integer>991</integer>
        <key>Title</key><string>Section SR2/10 - Action processing</string>
        <key>Level</key><integer>5</integer>
        <key>Indentation</key><integer>2</integer>
    </dict>
    <key>33</key><dict>
        <key>Filename</key><string>/Applications/Inform.app/Contents/Resources/Inform7/Extensions/graham nelson/standard rules.i7x</string>
        <key>Line</key><integer>1074</integer>
        <key>Title</key><string>Section SR2/11 - Accessibility</string>
        <key>Level</key><integer>5</integer>
        <key>Indentation</key><integer>2</integer>
    </dict>
    <key>34</key><dict>
        <key>Filename</key><string>/Applications/Inform.app/Contents/Resources/Inform7/Extensions/graham nelson/standard rules.i7x</string>
        <key>Line</key><integer>1099</integer>
        <key>Title</key><string>Section SR2/12 - Adjectival definitions</string>
        <key>Level</key><integer>5</integer>
        <key>Indentation</key><integer>2</integer>
    </dict>
    <key>35</key><dict>
        <key>Filename</key><string>/Applications/Inform.app/Contents/Resources/Inform7/Extensions/graham nelson/standard rules.i7x</string>
        <key>Line</key><integer>1163</integer>
        <key>Title</key><string>Section SR2/13 - Scene descriptions</string>
        <key>Level</key><integer>5</integer>
        <key>Indentation</key><integer>2</integer>
    </dict>
    <key>36</key><dict>
        <key>Filename</key><string>/Applications/Inform.app/Contents/Resources/Inform7/Extensions/graham nelson/standard rules.i7x</string>
        <key>Line</key><integer>1170</integer>
        <key>Title</key><string>Section SR2/14 - Command parser errors</string>
        <key>Level</key><integer>5</integer>
        <key>Indentation</key><integer>2</integer>
    </dict>
    <key>37</key><dict>
        <key>Filename</key><string>/Applications/Inform.app/Contents/Resources/Inform7/Extensions/graham nelson/standard rules.i7x</string>
        <key>Line</key><integer>1197</integer>
        <key>Title</key><string>Part SR3 - Activities</string>
        <key>Level</key><integer>3</integer>
        <key>Indentation</key><integer>1</integer>
    </dict>
    <key>38</key><dict>
        <key>Filename</key><string>/Applications/Inform.app/Contents/Resources/Inform7/Extensions/graham nelson/standard rules.i7x</string>
        <key>Line</key><integer>1199</integer>
        <key>Title</key><string>Section SR3/1 - Definitions</string>
        <key>Level</key><integer>5</integer>
        <key>Indentation</key><integer>2</integer>
    </dict>
    <key>39</key><dict>
        <key>Filename</key><string>/Applications/Inform.app/Contents/Resources/Inform7/Extensions/graham nelson/standard rules.i7x</string>
        <key>Line</key><integer>1317</integer>
        <key>Title</key><string>Section SR3/2 - Final Question</string>
        <key>Level</key><integer>5</integer>
        <key>Indentation</key><integer>2</integer>
    </dict>
    <key>40</key><dict>
        <key>Filename</key><string>/Applications/Inform.app/Contents/Resources/Inform7/Extensions/graham nelson/standard rules.i7x</string>
        <key>Line</key><integer>1354</integer>
        <key>Title</key><string>Section SR3/3 - Final question options</string>
        <key>Level</key><integer>5</integer>
        <key>Indentation</key><integer>2</integer>
    </dict>
    <key>41</key><dict>
        <key>Filename</key><string>/Applications/Inform.app/Contents/Resources/Inform7/Extensions/graham nelson/standard rules.i7x</string>
        <key>Line</key><integer>1364</integer>
        <key>Title</key><string>Section SR3/4 - Locale descriptions - Unindexed</string>
        <key>Level</key><integer>5</integer>
        <key>Indentation</key><integer>2</integer>
    </dict>
    <key>42</key><dict>
        <key>Filename</key><string>/Applications/Inform.app/Contents/Resources/Inform7/Extensions/graham nelson/standard rules.i7x</string>
        <key>Line</key><integer>1547</integer>
        <key>Title</key><string>Part SR4 - Actions</string>
        <key>Level</key><integer>3</integer>
        <key>Indentation</key><integer>1</integer>
    </dict>
    <key>43</key><dict>
        <key>Filename</key><string>/Applications/Inform.app/Contents/Resources/Inform7/Extensions/graham nelson/standard rules.i7x</string>
        <key>Line</key><integer>1549</integer>
        <key>Title</key><string>Section SR4/1 - Generic action patterns</string>
        <key>Level</key><integer>5</integer>
        <key>Indentation</key><integer>2</integer>
    </dict>
    <key>44</key><dict>
        <key>Filename</key><string>/Applications/Inform.app/Contents/Resources/Inform7/Extensions/graham nelson/standard rules.i7x</string>
        <key>Line</key><integer>1551</integer>
        <key>Title</key><string>Section SR4/2 - Standard actions concerning the actor's possessions</string>
        <key>Level</key><integer>5</integer>
        <key>Indentation</key><integer>2</integer>
    </dict>
    <key>45</key><dict>
        <key>Filename</key><string>/Applications/Inform.app/Contents/Resources/Inform7/Extensions/graham nelson/standard rules.i7x</string>
        <key>Line</key><integer>1921</integer>
        <key>Title</key><string>Section SR4/3 - Standard actions which move the actor</string>
        <key>Level</key><integer>5</integer>
        <key>Indentation</key><integer>2</integer>
    </dict>
    <key>46</key><dict>
        <key>Filename</key><string>/Applications/Inform.app/Contents/Resources/Inform7/Extensions/graham nelson/standard rules.i7x</string>
        <key>Line</key><integer>2245</integer>
        <key>Title</key><string>Section SR4/4 - Standard actions concerning the actor's vision</string>
        <key>Level</key><integer>5</integer>
        <key>Indentation</key><integer>2</integer>
    </dict>
    <key>47</key><dict>
        <key>Filename</key><string>/Applications/Inform.app/Contents/Resources/Inform7/Extensions/graham nelson/standard rules.i7x</string>
        <key>Line</key><integer>2516</integer>
        <key>Title</key><string>Section SR4/5 - Standard actions which change the state of things</string>
        <key>Level</key><integer>5</integer>
        <key>Indentation</key><integer>2</integer>
    </dict>
    <key>48</key><dict>
        <key>Filename</key><string>/Applications/Inform.app/Contents/Resources/Inform7/Extensions/graham nelson/standard rules.i7x</string>
        <key>Line</key><integer>2854</integer>
        <key>Title</key><string>Section SR4/6 - Standard actions concerning other people</string>
        <key>Level</key><integer>5</integer>
        <key>Indentation</key><integer>2</integer>
    </dict>
    <key>49</key><dict>
        <key>Filename</key><string>/Applications/Inform.app/Contents/Resources/Inform7/Extensions/graham nelson/standard rules.i7x</string>
        <key>Line</key><integer>3136</integer>
        <key>Title</key><string>Section SR4/7 - Standard actions which are checked but then do nothing unless rules intervene</string>
        <key>Level</key><integer>5</integer>
        <key>Indentation</key><integer>2</integer>
    </dict>
    <key>50</key><dict>
        <key>Filename</key><string>/Applications/Inform.app/Contents/Resources/Inform7/Extensions/graham nelson/standard rules.i7x</string>
        <key>Line</key><integer>3364</integer>
        <key>Title</key><string>Section SR4/8 - Standard actions which always do nothing unless rules intervene</string>
        <key>Level</key><integer>5</integer>
        <key>Indentation</key><integer>2</integer>
    </dict>
    <key>51</key><dict>
        <key>Filename</key><string>/Applications/Inform.app/Contents/Resources/Inform7/Extensions/graham nelson/standard rules.i7x</string>
        <key>Line</key><integer>3688</integer>
        <key>Title</key><string>Section SR4/9 - Standard actions which happen out of world</string>
        <key>Level</key><integer>5</integer>
        <key>Indentation</key><integer>2</integer>
    </dict>
    <key>52</key><dict>
        <key>Filename</key><string>/Applications/Inform.app/Contents/Resources/Inform7/Extensions/graham nelson/standard rules.i7x</string>
        <key>Line</key><integer>3818</integer>
        <key>Title</key><string>Section SR4/10 - Grammar</string>
        <key>Level</key><integer>5</integer>
        <key>Indentation</key><integer>2</integer>
    </dict>
    <key>53</key><dict>
        <key>Filename</key><string>/Applications/Inform.app/Contents/Resources/Inform7/Extensions/graham nelson/standard rules.i7x</string>
        <key>Line</key><integer>4048</integer>
        <key>Title</key><string>Part SR5 - Phrasebook</string>
        <key>Level</key><integer>3</integer>
        <key>Indentation</key><integer>1</integer>
    </dict>
    <key>54</key><dict>
        <key>Filename</key><string>/Applications/Inform.app/Contents/Resources/Inform7/Extensions/graham nelson/standard rules.i7x</string>
        <key>Line</key><integer>4050</integer>
        <key>Title</key><string>Section SR5/1/1 - Saying - Values</string>
        <key>Level</key><integer>5</integer>
        <key>Indentation</key><integer>2</integer>
    </dict>
    <key>55</key><dict>
        <key>Filename</key><string>/Applications/Inform.app/Contents/Resources/Inform7/Extensions/graham nelson/standard rules.i7x</string>
        <key>Line</key><integer>4078</integer>
        <key>Title</key><string>Section SR5/1/2 - Saying - Names with articles</string>
        <key>Level</key><integer>5</integer>
        <key>Indentation</key><integer>2</integer>
    </dict>
    <key>56</key><dict>
        <key>Filename</key><string>/Applications/Inform.app/Contents/Resources/Inform7/Extensions/graham nelson/standard rules.i7x</string>
        <key>Line</key><integer>4099</integer>
        <key>Title</key><string>Section SR5/1/3 - Saying - Say if and otherwise</string>
        <key>Level</key><integer>5</integer>
        <key>Indentation</key><integer>2</integer>
    </dict>
    <key>57</key><dict>
        <key>Filename</key><string>/Applications/Inform.app/Contents/Resources/Inform7/Extensions/graham nelson/standard rules.i7x</string>
        <key>Line</key><integer>4134</integer>
        <key>Title</key><string>Section SR5/1/4 - Saying - Say one of</string>
        <key>Level</key><integer>5</integer>
        <key>Indentation</key><integer>2</integer>
    </dict>
    <key>58</key><dict>
        <key>Filename</key><string>/Applications/Inform.app/Contents/Resources/Inform7/Extensions/graham nelson/standard rules.i7x</string>
        <key>Line</key><integer>4169</integer>
        <key>Title</key><string>Section SR5/1/5 - Saying - Paragraph control</string>
        <key>Level</key><integer>5</integer>
        <key>Indentation</key><integer>2</integer>
    </dict>
    <key>59</key><dict>
        <key>Filename</key><string>/Applications/Inform.app/Contents/Resources/Inform7/Extensions/graham nelson/standard rules.i7x</string>
        <key>Line</key><integer>4195</integer>
        <key>Title</key><string>Section SR5/1/6 - Saying - Special characters</string>
        <key>Level</key><integer>5</integer>
        <key>Indentation</key><integer>2</integer>
    </dict>
    <key>60</key><dict>
        <key>Filename</key><string>/Applications/Inform.app/Contents/Resources/Inform7/Extensions/graham nelson/standard rules.i7x</string>
        <key>Line</key><integer>4210</integer>
        <key>Title</key><string>Section SR5/1/7 - Saying - Fonts and visual effects</string>
        <key>Level</key><integer>5</integer>
        <key>Indentation</key><integer>2</integer>
    </dict>
    <key>61</key><dict>
        <key>Filename</key><string>/Applications/Inform.app/Contents/Resources/Inform7/Extensions/graham nelson/standard rules.i7x</string>
        <key>Line</key><integer>4231</integer>
        <key>Title</key><string>Section SR5/1/8 - Saying - Some built-in texts</string>
        <key>Level</key><integer>5</integer>
        <key>Indentation</key><integer>2</integer>
    </dict>
    <key>62</key><dict>
        <key>Filename</key><string>/Applications/Inform.app/Contents/Resources/Inform7/Extensions/graham nelson/standard rules.i7x</string>
        <key>Line</key><integer>4246</integer>
        <key>Title</key><string>Section SR5/1/9 - Saying - Saying lists of things</string>
        <key>Level</key><integer>5</integer>
        <key>Indentation</key><integer>2</integer>
    </dict>
    <key>63</key><dict>
        <key>Filename</key><string>/Applications/Inform.app/Contents/Resources/Inform7/Extensions/graham nelson/standard rules.i7x</string>
        <key>Line</key><integer>4341</integer>
        <key>Title</key><string>Section SR5/1/10 - Saying - Group in and omit from lists</string>
        <key>Level</key><integer>5</integer>
        <key>Indentation</key><integer>2</integer>
    </dict>
    <key>64</key><dict>
        <key>Filename</key><string>/Applications/Inform.app/Contents/Resources/Inform7/Extensions/graham nelson/standard rules.i7x</string>
        <key>Line</key><integer>4365</integer>
        <key>Title</key><string>Section SR5/1/11 - Saying - Lists of values</string>
        <key>Level</key><integer>5</integer>
        <key>Indentation</key><integer>2</integer>
    </dict>
    <key>65</key><dict>
        <key>Filename</key><string>/Applications/Inform.app/Contents/Resources/Inform7/Extensions/graham nelson/standard rules.i7x</string>
        <key>Line</key><integer>4377</integer>
        <key>Title</key><string>Section SR5/1/12 - Saying - Filtering contents - Unindexed</string>
        <key>Level</key><integer>5</integer>
        <key>Indentation</key><integer>2</integer>
    </dict>
    <key>66</key><dict>
        <key>Filename</key><string>/Applications/Inform.app/Contents/Resources/Inform7/Extensions/graham nelson/standard rules.i7x</string>
        <key>Line</key><integer>4384</integer>
        <key>Title</key><string>Section SR5/2/1 - Values - Making conditions true</string>
        <key>Level</key><integer>5</integer>
        <key>Indentation</key><integer>2</integer>
    </dict>
    <key>67</key><dict>
        <key>Filename</key><string>/Applications/Inform.app/Contents/Resources/Inform7/Extensions/graham nelson/standard rules.i7x</string>
        <key>Line</key><integer>4390</integer>
        <key>Title</key><string>Section SR5/2/2 - Values - Giving values temporary names</string>
        <key>Level</key><integer>5</integer>
        <key>Indentation</key><integer>2</integer>
    </dict>
    <key>68</key><dict>
        <key>Filename</key><string>/Applications/Inform.app/Contents/Resources/Inform7/Extensions/graham nelson/standard rules.i7x</string>
        <key>Line</key><integer>4416</integer>
        <key>Title</key><string>Section SR5/2/3 - Values - Changing stored values</string>
        <key>Level</key><integer>5</integer>
        <key>Indentation</key><integer>2</integer>
    </dict>
    <key>69</key><dict>
        <key>Filename</key><string>/Applications/Inform.app/Contents/Resources/Inform7/Extensions/graham nelson/standard rules.i7x</string>
        <key>Line</key><integer>4449</integer>
        <key>Title</key><string>Section SR5/2/4 - Values - Arithmetic</string>
        <key>Level</key><integer>5</integer>
        <key>Indentation</key><integer>2</integer>
    </dict>
    <key>70</key><dict>
        <key>Filename</key><string>/Applications/Inform.app/Contents/Resources/Inform7/Extensions/graham nelson/standard rules.i7x</string>
        <key>Line</key><integer>4509</integer>
        <key>Title</key><string>Section SR5/2/5 - Values - Enumerations</string>
        <key>Level</key><integer>5</integer>
        <key>Indentation</key><integer>2</integer>
    </dict>
    <key>71</key><dict>
        <key>Filename</key><string>/Applications/Inform.app/Contents/Resources/Inform7/Extensions/graham nelson/standard rules.i7x</string>
        <key>Line</key><integer>4527</integer>
        <key>Title</key><string>Section SR5/2/6 - Values - Truth states</string>
        <key>Level</key><integer>5</integer>
        <key>Indentation</key><integer>2</integer>
    </dict>
    <key>72</key><dict>
        <key>Filename</key><string>/Applications/Inform.app/Contents/Resources/Inform7/Extensions/graham nelson/standard rules.i7x</string>
        <key>Line</key><integer>4533</integer>
        <key>Title</key><string>Section SR5/2/7 - Values - Randomness</string>
        <key>Level</key><integer>5</integer>
        <key>Indentation</key><integer>2</integer>
    </dict>
    <key>73</key><dict>
        <key>Filename</key><string>/Applications/Inform.app/Contents/Resources/Inform7/Extensions/graham nelson/standard rules.i7x</string>
        <key>Line</key><integer>4557</integer>
        <key>Title</key><string>Section SR5/2/8 - Values - Tables</string>
        <key>Level</key><integer>5</integer>
        <key>Indentation</key><integer>2</integer>
    </dict>
    <key>74</key><dict>
        <key>Filename</key><string>/Applications/Inform.app/Contents/Resources/Inform7/Extensions/graham nelson/standard rules.i7x</string>
        <key>Line</key><integer>4604</integer>
        <key>Title</key><string>Section SR5/2/9 - Values - Sorting tables</string>
        <key>Level</key><integer>5</integer>
        <key>Indentation</key><integer>2</integer>
    </dict>
    <key>75</key><dict>
        <key>Filename</key><string>/Applications/Inform.app/Contents/Resources/Inform7/Extensions/graham nelson/standard rules.i7x</string>
        <key>Line</key><integer>4616</integer>
        <key>Title</key><string>Section SR5/2/10 - Values - Indexed text</string>
        <key>Level</key><integer>5</integer>
        <key>Indentation</key><integer>2</integer>
    </dict>
    <key>76</key><dict>
        <key>Filename</key><string>/Applications/Inform.app/Contents/Resources/Inform7/Extensions/graham nelson/standard rules.i7x</string>
        <key>Line</key><integer>4656</integer>
        <key>Title</key><string>Section SR5/2/11 - Values - Matching text</string>
        <key>Level</key><integer>5</integer>
        <key>Indentation</key><integer>2</integer>
    </dict>
    <key>77</key><dict>
        <key>Filename</key><string>/Applications/Inform.app/Contents/Resources/Inform7/Extensions/graham nelson/standard rules.i7x</string>
        <key>Line</key><integer>4690</integer>
        <key>Title</key><string>Section SR5/2/12 - Values - Replacing text</string>
        <key>Level</key><integer>5</integer>
        <key>Indentation</key><integer>2</integer>
    </dict>
    <key>78</key><dict>
        <key>Filename</key><string>/Applications/Inform.app/Contents/Resources/Inform7/Extensions/graham nelson/standard rules.i7x</string>
        <key>Line</key><integer>4734</integer>
        <key>Title</key><string>Section SR5/2/13 - Values - Casing of text</string>
        <key>Level</key><integer>5</integer>
        <key>Indentation</key><integer>2</integer>
    </dict>
    <key>79</key><dict>
        <key>Filename</key><string>/Applications/Inform.app/Contents/Resources/Inform7/Extensions/graham nelson/standard rules.i7x</string>
        <key>Line</key><integer>4755</integer>
        <key>Title</key><string>Section SR5/2/14 - Values - Lists</string>
        <key>Level</key><integer>5</integer>
        <key>Indentation</key><integer>2</integer>
    </dict>
    <key>80</key><dict>
        <key>Filename</key><string>/Applications/Inform.app/Contents/Resources/Inform7/Extensions/graham nelson/standard rules.i7x</string>
        <key>Line</key><integer>4807</integer>
        <key>Title</key><string>Section SR5/2/15 - Values - Length of lists</string>
        <key>Level</key><integer>5</integer>
        <key>Indentation</key><integer>2</integer>
    </dict>
    <key>81</key><dict>
        <key>Filename</key><string>/Applications/Inform.app/Contents/Resources/Inform7/Extensions/graham nelson/standard rules.i7x</string>
        <key>Line</key><integer>4828</integer>
        <key>Title</key><string>Section SR5/2/16 - Values - Reversing and rotating lists</string>
        <key>Level</key><integer>5</integer>
        <key>Indentation</key><integer>2</integer>
    </dict>
    <key>82</key><dict>
        <key>Filename</key><string>/Applications/Inform.app/Contents/Resources/Inform7/Extensions/graham nelson/standard rules.i7x</string>
        <key>Line</key><integer>4840</integer>
        <key>Title</key><string>Section SR5/2/17 - Values - Sorting lists</string>
        <key>Level</key><integer>5</integer>
        <key>Indentation</key><integer>2</integer>
    </dict>
    <key>83</key><dict>
        <key>Filename</key><string>/Applications/Inform.app/Contents/Resources/Inform7/Extensions/graham nelson/standard rules.i7x</string>
        <key>Line</key><integer>4858</integer>
        <key>Title</key><string>Section SR5/2/18 - Values - Use options</string>
        <key>Level</key><integer>5</integer>
        <key>Indentation</key><integer>2</integer>
    </dict>
    <key>84</key><dict>
        <key>Filename</key><string>/Applications/Inform.app/Contents/Resources/Inform7/Extensions/graham nelson/standard rules.i7x</string>
        <key>Line</key><integer>4865</integer>
        <key>Title</key><string>Section SR5/2/19 - Values - Relations</string>
        <key>Level</key><integer>5</integer>
        <key>Indentation</key><integer>2</integer>
    </dict>
    <key>85</key><dict>
        <key>Filename</key><string>/Applications/Inform.app/Contents/Resources/Inform7/Extensions/graham nelson/standard rules.i7x</string>
        <key>Line</key><integer>4935</integer>
        <key>Title</key><string>Section SR5/2/20 - Values - Functional programming</string>
        <key>Level</key><integer>5</integer>
        <key>Indentation</key><integer>2</integer>
    </dict>
    <key>86</key><dict>
        <key>Filename</key><string>/Applications/Inform.app/Contents/Resources/Inform7/Extensions/graham nelson/standard rules.i7x</string>
        <key>Line</key><integer>5014</integer>
        <key>Title</key><string>Section SR5/2/21 - Values - Files (for Glulx external files language element only)</string>
        <key>Level</key><integer>5</integer>
        <key>Indentation</key><integer>2</integer>
    </dict>
    <key>87</key><dict>
        <key>Filename</key><string>/Applications/Inform.app/Contents/Resources/Inform7/Extensions/graham nelson/standard rules.i7x</string>
        <key>Line</key><integer>5044</integer>
        <key>Title</key><string>Section SR5/2/22 - Values - Figures (for figures language element only)</string>
        <key>Level</key><integer>5</integer>
        <key>Indentation</key><integer>2</integer>
    </dict>
    <key>88</key><dict>
        <key>Filename</key><string>/Applications/Inform.app/Contents/Resources/Inform7/Extensions/graham nelson/standard rules.i7x</string>
        <key>Line</key><integer>5053</integer>
        <key>Title</key><string>Section SR5/2/23 - Values - Sound effects (for sounds language element only)</string>
        <key>Level</key><integer>5</integer>
        <key>Indentation</key><integer>2</integer>
    </dict>
    <key>89</key><dict>
        <key>Filename</key><string>/Applications/Inform.app/Contents/Resources/Inform7/Extensions/graham nelson/standard rules.i7x</string>
        <key>Line</key><integer>5062</integer>
        <key>Title</key><string>Section SR5/3/1 - Control phrases - If and unless</string>
        <key>Level</key><integer>5</integer>
        <key>Indentation</key><integer>2</integer>
    </dict>
    <key>90</key><dict>
        <key>Filename</key><string>/Applications/Inform.app/Contents/Resources/Inform7/Extensions/graham nelson/standard rules.i7x</string>
        <key>Line</key><integer>5104</integer>
        <key>Title</key><string>Section SR5/3/2 - Control phrases - While</string>
        <key>Level</key><integer>5</integer>
        <key>Indentation</key><integer>2</integer>
    </dict>
    <key>91</key><dict>
        <key>Filename</key><string>/Applications/Inform.app/Contents/Resources/Inform7/Extensions/graham nelson/standard rules.i7x</string>
        <key>Line</key><integer>5118</integer>
        <key>Title</key><string>Section SR5/3/3 - Control phrases - Repeat</string>
        <key>Level</key><integer>5</integer>
        <key>Indentation</key><integer>2</integer>
    </dict>
    <key>92</key><dict>
        <key>Filename</key><string>/Applications/Inform.app/Contents/Resources/Inform7/Extensions/graham nelson/standard rules.i7x</string>
        <key>Line</key><integer>5162</integer>
        <key>Title</key><string>Section SR5/3/6 - Control phrases - Changing the flow of loops</string>
        <key>Level</key><integer>5</integer>
        <key>Indentation</key><integer>2</integer>
    </dict>
    <key>93</key><dict>
        <key>Filename</key><string>/Applications/Inform.app/Contents/Resources/Inform7/Extensions/graham nelson/standard rules.i7x</string>
        <key>Line</key><integer>5171</integer>
        <key>Title</key><string>Section SR5/3/7 - Control phrases - Deciding outcomes</string>
        <key>Level</key><integer>5</integer>
        <key>Indentation</key><integer>2</integer>
    </dict>
    <key>94</key><dict>
        <key>Filename</key><string>/Applications/Inform.app/Contents/Resources/Inform7/Extensions/graham nelson/standard rules.i7x</string>
        <key>Line</key><integer>5190</integer>
        <key>Title</key><string>Section SR5/3/8 - Control phrases - Stop or go</string>
        <key>Level</key><integer>5</integer>
        <key>Indentation</key><integer>2</integer>
    </dict>
    <key>95</key><dict>
        <key>Filename</key><string>/Applications/Inform.app/Contents/Resources/Inform7/Extensions/graham nelson/standard rules.i7x</string>
        <key>Line</key><integer>5197</integer>
        <key>Title</key><string>Section SR5/4/1 - Actions, activities and rules - Trying actions</string>
        <key>Level</key><integer>5</integer>
        <key>Indentation</key><integer>2</integer>
    </dict>
    <key>96</key><dict>
        <key>Filename</key><string>/Applications/Inform.app/Contents/Resources/Inform7/Extensions/graham nelson/standard rules.i7x</string>
        <key>Line</key><integer>5209</integer>
        <key>Title</key><string>Section SR5/4/2 - Actions, activities and rules - Action requirements</string>
        <key>Level</key><integer>5</integer>
        <key>Indentation</key><integer>2</integer>
    </dict>
    <key>97</key><dict>
        <key>Filename</key><string>/Applications/Inform.app/Contents/Resources/Inform7/Extensions/graham nelson/standard rules.i7x</string>
        <key>Line</key><integer>5227</integer>
        <key>Title</key><string>Section SR5/4/3 - Actions, activities and rules - Stop or continue</string>
        <key>Level</key><integer>5</integer>
        <key>Indentation</key><integer>2</integer>
    </dict>
    <key>98</key><dict>
        <key>Filename</key><string>/Applications/Inform.app/Contents/Resources/Inform7/Extensions/graham nelson/standard rules.i7x</string>
        <key>Line</key><integer>5236</integer>
        <key>Title</key><string>Section SR5/4/4 - Actions, activities and rules - Stored actions</string>
        <key>Level</key><integer>5</integer>
        <key>Indentation</key><integer>2</integer>
    </dict>
    <key>99</key><dict>
        <key>Filename</key><string>/Applications/Inform.app/Contents/Resources/Inform7/Extensions/graham nelson/standard rules.i7x</string>
        <key>Line</key><integer>5269</integer>
        <key>Title</key><string>Section SR5/4/5 - Actions, activities and rules - Carrying out activities</string>
        <key>Level</key><integer>5</integer>
        <key>Indentation</key><integer>2</integer>
    </dict>
    <key>100</key><dict>
        <key>Filename</key><string>/Applications/Inform.app/Contents/Resources/Inform7/Extensions/graham nelson/standard rules.i7x</string>
        <key>Line</key><integer>5282</integer>
        <key>Title</key><string>Section SR5/4/6 - Actions, activities and rules - Advanced activities</string>
        <key>Level</key><integer>5</integer>
        <key>Indentation</key><integer>2</integer>
    </dict>
    <key>101</key><dict>
        <key>Filename</key><string>/Applications/Inform.app/Contents/Resources/Inform7/Extensions/graham nelson/standard rules.i7x</string>
        <key>Line</key><integer>5309</integer>
        <key>Title</key><string>Section SR5/4/7 - Actions, activities and rules - Following rules</string>
        <key>Level</key><integer>5</integer>
        <key>Indentation</key><integer>2</integer>
    </dict>
    <key>102</key><dict>
        <key>Filename</key><string>/Applications/Inform.app/Contents/Resources/Inform7/Extensions/graham nelson/standard rules.i7x</string>
        <key>Line</key><integer>5351</integer>
        <key>Title</key><string>Section SR5/4/8 - Actions, activities and rules - Success and failure</string>
        <key>Level</key><integer>5</integer>
        <key>Indentation</key><integer>2</integer>
    </dict>
    <key>103</key><dict>
        <key>Filename</key><string>/Applications/Inform.app/Contents/Resources/Inform7/Extensions/graham nelson/standard rules.i7x</string>
        <key>Line</key><integer>5374</integer>
        <key>Title</key><string>Section SR5/4/9 - Actions, activities and rules - Procedural manipulation</string>
        <key>Level</key><integer>5</integer>
        <key>Indentation</key><integer>2</integer>
    </dict>
    <key>104</key><dict>
        <key>Filename</key><string>/Applications/Inform.app/Contents/Resources/Inform7/Extensions/graham nelson/standard rules.i7x</string>
        <key>Line</key><integer>5409</integer>
        <key>Title</key><string>Section SR5/5/1 - Model world - Ending the story</string>
        <key>Level</key><integer>5</integer>
        <key>Indentation</key><integer>2</integer>
    </dict>
    <key>105</key><dict>
        <key>Filename</key><string>/Applications/Inform.app/Contents/Resources/Inform7/Extensions/graham nelson/standard rules.i7x</string>
        <key>Line</key><integer>5464</integer>
        <key>Title</key><string>Section SR5/5/2 - Model world - Times of day</string>
        <key>Level</key><integer>5</integer>
        <key>Indentation</key><integer>2</integer>
    </dict>
    <key>106</key><dict>
        <key>Filename</key><string>/Applications/Inform.app/Contents/Resources/Inform7/Extensions/graham nelson/standard rules.i7x</string>
        <key>Line</key><integer>5492</integer>
        <key>Title</key><string>Section SR5/5/3 - Model world - Durations</string>
        <key>Level</key><integer>5</integer>
        <key>Indentation</key><integer>2</integer>
    </dict>
    <key>107</key><dict>
        <key>Filename</key><string>/Applications/Inform.app/Contents/Resources/Inform7/Extensions/graham nelson/standard rules.i7x</string>
        <key>Line</key><integer>5501</integer>
        <key>Title</key><string>Section SR5/5/4 - Model world - Timed events</string>
        <key>Level</key><integer>5</integer>
        <key>Indentation</key><integer>2</integer>
    </dict>
    <key>108</key><dict>
        <key>Filename</key><string>/Applications/Inform.app/Contents/Resources/Inform7/Extensions/graham nelson/standard rules.i7x</string>
        <key>Line</key><integer>5513</integer>
        <key>Title</key><string>Section SR5/5/5 - Model world - Scenes</string>
        <key>Level</key><integer>5</integer>
        <key>Indentation</key><integer>2</integer>
    </dict>
    <key>109</key><dict>
        <key>Filename</key><string>/Applications/Inform.app/Contents/Resources/Inform7/Extensions/graham nelson/standard rules.i7x</string>
        <key>Line</key><integer>5528</integer>
        <key>Title</key><string>Section SR5/5/6 - Model world - Timing of scenes</string>
        <key>Level</key><integer>5</integer>
        <key>Indentation</key><integer>2</integer>
    </dict>
    <key>110</key><dict>
        <key>Filename</key><string>/Applications/Inform.app/Contents/Resources/Inform7/Extensions/graham nelson/standard rules.i7x</string>
        <key>Line</key><integer>5543</integer>
        <key>Title</key><string>Section SR5/5/7 - Model world - Player's identity and location</string>
        <key>Level</key><integer>5</integer>
        <key>Indentation</key><integer>2</integer>
    </dict>
    <key>111</key><dict>
        <key>Filename</key><string>/Applications/Inform.app/Contents/Resources/Inform7/Extensions/graham nelson/standard rules.i7x</string>
        <key>Line</key><integer>5557</integer>
        <key>Title</key><string>Section SR5/5/8 - Model world - Moving and removing things</string>
        <key>Level</key><integer>5</integer>
        <key>Indentation</key><integer>2</integer>
    </dict>
    <key>112</key><dict>
        <key>Filename</key><string>/Applications/Inform.app/Contents/Resources/Inform7/Extensions/graham nelson/standard rules.i7x</string>
        <key>Line</key><integer>5574</integer>
        <key>Title</key><string>Section SR5/5/9 - Model world - The map</string>
        <key>Level</key><integer>5</integer>
        <key>Indentation</key><integer>2</integer>
    </dict>
    <key>113</key><dict>
        <key>Filename</key><string>/Applications/Inform.app/Contents/Resources/Inform7/Extensions/graham nelson/standard rules.i7x</string>
        <key>Line</key><integer>5607</integer>
        <key>Title</key><string>Section SR5/5/10 - Model world - Route-finding</string>
        <key>Level</key><integer>5</integer>
        <key>Indentation</key><integer>2</integer>
    </dict>
    <key>114</key><dict>
        <key>Filename</key><string>/Applications/Inform.app/Contents/Resources/Inform7/Extensions/graham nelson/standard rules.i7x</string>
        <key>Line</key><integer>5628</integer>
        <key>Title</key><string>Section SR5/5/11 - Model world - The object tree</string>
        <key>Level</key><integer>5</integer>
        <key>Indentation</key><integer>2</integer>
    </dict>
    <key>115</key><dict>
        <key>Filename</key><string>/Applications/Inform.app/Contents/Resources/Inform7/Extensions/graham nelson/standard rules.i7x</string>
        <key>Line</key><integer>5640</integer>
        <key>Title</key><string>Section SR5/5/12 - Model world - Score</string>
        <key>Level</key><integer>5</integer>
        <key>Indentation</key><integer>2</integer>
    </dict>
    <key>116</key><dict>
        <key>Filename</key><string>/Applications/Inform.app/Contents/Resources/Inform7/Extensions/graham nelson/standard rules.i7x</string>
        <key>Line</key><integer>5647</integer>
        <key>Title</key><string>Section SR5/6/1 - Understanding - Asking yes/no questions</string>
        <key>Level</key><integer>5</integer>
        <key>Indentation</key><integer>2</integer>
    </dict>
    <key>117</key><dict>
        <key>Filename</key><string>/Applications/Inform.app/Contents/Resources/Inform7/Extensions/graham nelson/standard rules.i7x</string>
        <key>Line</key><integer>5653</integer>
        <key>Title</key><string>Section SR5/6/2 - Understanding - The player's command</string>
        <key>Level</key><integer>5</integer>
        <key>Indentation</key><integer>2</integer>
    </dict>
    <key>118</key><dict>
        <key>Filename</key><string>/Applications/Inform.app/Contents/Resources/Inform7/Extensions/graham nelson/standard rules.i7x</string>
        <key>Line</key><integer>5668</integer>
        <key>Title</key><string>Section SR5/6/3 - Understanding - Changing the player's command</string>
        <key>Level</key><integer>5</integer>
        <key>Indentation</key><integer>2</integer>
    </dict>
    <key>119</key><dict>
        <key>Filename</key><string>/Applications/Inform.app/Contents/Resources/Inform7/Extensions/graham nelson/standard rules.i7x</string>
        <key>Line</key><integer>5683</integer>
        <key>Title</key><string>Section SR5/6/4 - Understanding - Scope and pronouns</string>
        <key>Level</key><integer>5</integer>
        <key>Indentation</key><integer>2</integer>
    </dict>
    <key>120</key><dict>
        <key>Filename</key><string>/Applications/Inform.app/Contents/Resources/Inform7/Extensions/graham nelson/standard rules.i7x</string>
        <key>Line</key><integer>5699</integer>
        <key>Title</key><string>Section SR5/8/1 - Message support - Issuance - Unindexed</string>
        <key>Level</key><integer>5</integer>
        <key>Indentation</key><integer>2</integer>
    </dict>
    <key>121</key><dict>
        <key>Filename</key><string>/Applications/Inform.app/Contents/Resources/Inform7/Extensions/graham nelson/standard rules.i7x</string>
        <key>Line</key><integer>5749</integer>
        <key>Title</key><string>Section SR5/8/2 - Message support - Intervention - Unindexed</string>
        <key>Level</key><integer>5</integer>
        <key>Indentation</key><integer>2</integer>
    </dict>
    <key>122</key><dict>
        <key>Filename</key><string>/Applications/Inform.app/Contents/Resources/Inform7/Extensions/graham nelson/standard rules.i7x</string>
        <key>Line</key><integer>5760</integer>
        <key>Title</key><string>Section SR5/9/1 - Miscellaneous other phrases - Unindexed</string>
        <key>Level</key><integer>5</integer>
        <key>Indentation</key><integer>2</integer>
    </dict>
    <key>123</key><dict>
        <key>Line</key><integer>1</integer>
        <key>Title</key><string>scene understood is a scene which varies</string>
        <key>Level</key><integer>0</integer>
        <key>Indentation</key><integer>0</integer>
    </dict>
</dict></plist>
